# seq	canvas	span	bytes	encode_ms	write_ms	publish_ms
# publish_ms is the image.frame round trip: agwinterm's read + its brief
# placement lock + the pipe. Its PNG decode is async and is not in here.
0	790x580	79x29	515737	3.86	0.52	7.85
1	790x580	79x29	1833583	5.71	0.91	8.56
2	790x580	79x29	1833583	5.26	1.31	7.18
3	790x580	79x29	1833583	3.75	0.95	7.43
4	790x580	79x29	1833583	3.65	0.88	9.66
5	790x580	79x29	1833583	3.78	0.94	7.53
6	790x580	79x29	1833583	3.80	0.97	6.25
7	790x580	79x29	1833583	3.60	0.93	7.08
8	790x580	79x29	1833583	3.41	0.91	5.50
9	790x580	79x29	1833583	3.46	0.96	7.13
10	790x580	79x29	1833583	3.45	0.84	7.25
11	790x580	79x29	1833583	3.75	1.04	5.90
12	790x580	79x29	1833583	3.47	0.92	7.25
13	790x580	79x29	1833583	3.72	0.96	7.03
14	790x580	79x29	1833583	3.38	0.94	7.12
15	790x580	79x29	1833583	4.06	0.90	7.55
16	790x580	79x29	1833583	3.57	1.02	5.74
17	790x580	79x29	1833583	3.49	0.93	6.77
18	790x580	79x29	1833583	3.39	0.99	9.35
